code,state,todo
01,JAMMU AND KASHMIR,
02,HIMACHAL PRADESH,
03,PUNJAB,
04,CHANDIGARH,
05,UTTARAKHAND,
06,HARYANA,
07,DELHI,
08,RAJASTHAN,
09,UTTAR PRADESH,
10,BIHAR,
11,SIKKIM,
12,ARUNACHAL PRADESH,
13,NAGALAND,
14,MANIPUR,
15,MIZORAM,
16,TRIPURA,
17,MEGHALAYA,
18,ASSAM,
19,WEST BENGAL,
20,JHARKHAND,
21,ODISHA,
22,CHHATTISGARH,
23,MADHYA PRADESH,
24,GUJARAT,
25,DADRA AND NAGAR HAVELI AND DAMAN AND DIU,TODO: legacy code - was 'Daman and Diu' before the 2020 UT merger; confirm whether it should be kept
26,DADRA AND NAGAR HAVELI AND DAMAN AND DIU,
27,MAHARASHTRA,
28,ANDHRA PRADESH,TODO: legacy code - 'Andhra Pradesh' before the 2014 Telangana split; still present on older GSTINs
29,KARNATAKA,
30,GOA,
31,LAKSHADWEEP,
32,KERALA,
33,TAMIL NADU,
34,PUDUCHERRY,
35,ANDAMAN AND NICOBAR ISLANDS,
36,TELANGANA,
37,ANDHRA PRADESH,"TODO: confirm current Andhra Pradesh code (36=Telangana, 37=Andhra Pradesh)"
38,LADAKH,TODO: confirm code 38 for Ladakh (UT since 2019)
97,,"TODO: 'Other Territory' - not a state, intentionally left unmapped"
99,,"TODO: 'Other Countries' - not a state, intentionally left unmapped"
